id,name,address,date founded
1,ING,777 Brockton Avenue, Abington MA 2351,1 April 1985
2,BRD,30 Memorial Drive, Avon MA 2322,19 August 1985
3,CEC,250 Hartford Avenue, Bellingham MA 2019,13 January 1986
4,Idea,700 Oak Street, Brockton MA 2301,30 January 1989
5,Libra,66-4 Parkhurst Rd, Chelmsford MA 1824,2 September 1991
6,Deutsche,591 Memorial Dr, Chicopee MA 1020,11 September 1995
7,JP Morgan,55 Brooksby Village Way, Danvers MA 1923,14 July 1997
8,ProCredit,700 Oak Street, Brockton MA 2301,18 January 1999
9,Raiffeisen,66-4 Parkhurst Rd, Chelmsford MA 1824,25 October 1999
10,Banca Transilvania,591 Memorial Dr, Chicopee MA 1020,13 February 2006
11,Goldman Sachs,55 Brooksby Village Way, Danvers MA 1923,11 December 2006