id,name,position,salary
1,Li Mayhue,Railroad Detective,4149.516548
2,Slyvia Vincent,Electronic Console Display Operator,3883.9139
3,Cedrick Ahlstrom ,Office Cleaner,3818.330252
4,Dina Kimbro,Lunchroom Attendant,2431.420279
5,Eufemia Garces,Power Distribution Engineer,736.3656756
6,Deloise Barefoot,Cryptographic Vulnerability Analyst,4675.595999
7,Marlana Avitia,Aoc Operations - Intelligence Chief,5767.84238
8,Raeann Bernardino,Special Forces Officer,5031.473807
9,Gerri Stern,Telemarketing Manager,1326.436956
10,Marie Martinson,Cheese Processor,381.1934457
11,Linwood Hott,Railroad Detective,3637.404289
12,Marceline Baranowski,Electronic Console Display Operator,9542.550763
13,Enrique Cartee,Office Cleaner,2812.185301
14,Lyndon Lovin,Lunchroom Attendant,2707.766682
15,Lea Glaspie,Power Distribution Engineer,736.9686638
16,Jaunita Mercado,Cryptographic Vulnerability Analyst,9747.382392
17,Coletta Chesser,Aoc Operations - Intelligence Chief,6718.866536
18,Jeanelle Stoker,Special Forces Officer,2256.750693
19,Dia Divers,Telemarketing Manager,4333.330502
20,Odilia Segars,Cheese Processor,1580.260096